trial,heuristic,rows,cols,obstacle_probability,start_row,start_col,goal_row,goal_col,path_length,nodes_expanded,execution_time,success
1,Manhattan,30,30,0.25,13,2,1,18,28,138,0.0004654999356716871,True
1,Euclidean,30,30,0.25,13,2,1,18,28,198,0.00027308298740535975,True
1,Chebyshev,30,30,0.25,13,2,1,18,28,219,0.00028787495102733374,True
2,Manhattan,30,30,0.25,3,27,19,3,,626,0.0012318750377744436,False
2,Euclidean,30,30,0.25,3,27,19,3,,626,0.0008314159931614995,False
2,Chebyshev,30,30,0.25,3,27,19,3,,626,0.000764459022320807,False
3,Manhattan,30,30,0.25,14,28,7,19,16,57,7.812504190951586e-05,True
3,Euclidean,30,30,0.25,14,28,7,19,16,67,9.291688911616802e-05,True
3,Chebyshev,30,30,0.25,14,28,7,19,16,80,0.00010179204400628805,True
4,Manhattan,30,30,0.25,21,11,9,12,17,39,5.266699008643627e-05,True
4,Euclidean,30,30,0.25,21,11,9,12,17,45,6.279197987169027e-05,True
4,Chebyshev,30,30,0.25,21,11,9,12,17,62,8.25830502435565e-05,True
5,Manhattan,30,30,0.25,0,19,25,10,36,130,0.0001633339561522007,True
5,Euclidean,30,30,0.25,0,19,25,10,36,239,0.0003145829541608691,True
5,Chebyshev,30,30,0.25,0,19,25,10,36,330,0.0006071249954402447,True
6,Manhattan,30,30,0.25,2,21,25,4,42,314,0.0003892499953508377,True
6,Euclidean,30,30,0.25,2,21,25,4,42,407,0.0005292500136420131,True
6,Chebyshev,30,30,0.25,2,21,25,4,42,449,0.0005471669137477875,True
7,Manhattan,30,30,0.25,5,20,25,11,29,116,0.00015079195145517588,True
7,Euclidean,30,30,0.25,5,20,25,11,29,169,0.00022825004998594522,True
7,Chebyshev,30,30,0.25,5,20,25,11,29,211,0.00026462506502866745,True
8,Manhattan,30,30,0.25,8,29,20,8,35,159,0.00020229199435561895,True
8,Euclidean,30,30,0.25,8,29,20,8,35,235,0.00030745903495699167,True
8,Chebyshev,30,30,0.25,8,29,20,8,35,261,0.0003187499241903424,True
9,Manhattan,30,30,0.25,21,12,25,15,7,11,1.862493809312582e-05,True
9,Euclidean,30,30,0.25,21,12,25,15,7,14,2.345792017877102e-05,True
9,Chebyshev,30,30,0.25,21,12,25,15,7,17,2.6499968953430653e-05,True
10,Manhattan,30,30,0.25,0,0,17,3,,1,6.292015314102173e-06,False
10,Euclidean,30,30,0.25,0,0,17,3,,1,6.082933396100998e-06,False
10,Chebyshev,30,30,0.25,0,0,17,3,,1,5.875015631318092e-06,False
11,Manhattan,30,30,0.25,17,3,21,10,11,24,3.474997356534004e-05,True
11,Euclidean,30,30,0.25,17,3,21,10,11,27,4.1334074921905994e-05,True
11,Chebyshev,30,30,0.25,17,3,21,10,11,36,5.383300594985485e-05,True
12,Manhattan,30,30,0.25,21,27,6,26,20,52,6.958306767046452e-05,True
12,Euclidean,30,30,0.25,21,27,6,26,20,68,9.541702456772327e-05,True
12,Chebyshev,30,30,0.25,21,27,6,26,20,85,0.00010987499263137579,True
13,Manhattan,30,30,0.25,4,0,10,29,37,94,0.00012199999764561653,True
13,Euclidean,30,30,0.25,4,0,10,29,37,144,0.0001947920536622405,True
13,Chebyshev,30,30,0.25,4,0,10,29,37,202,0.00025345792528241873,True
14,Manhattan,30,30,0.25,0,16,8,4,20,57,7.341592572629452e-05,True
14,Euclidean,30,30,0.25,0,16,8,4,20,68,9.095796849578619e-05,True
14,Chebyshev,30,30,0.25,0,16,8,4,20,77,9.666604455560446e-05,True
15,Manhattan,30,30,0.25,5,16,13,26,18,49,6.858306005597115e-05,True
15,Euclidean,30,30,0.25,5,16,13,26,18,83,0.00011575000826269388,True
15,Chebyshev,30,30,0.25,5,16,13,26,18,109,0.0001420000335201621,True
16,Manhattan,30,30,0.25,29,11,6,9,29,69,9.008299093693495e-05,True
16,Euclidean,30,30,0.25,29,11,6,9,29,87,0.00011612509842962027,True
16,Chebyshev,30,30,0.25,29,11,6,9,29,115,0.00014329201076179743,True
17,Manhattan,30,30,0.25,9,29,4,15,19,48,6.191700231283903e-05,True
17,Euclidean,30,30,0.25,9,29,4,15,19,77,0.00012516591232270002,True
17,Chebyshev,30,30,0.25,9,29,4,15,19,97,0.00012912508100271225,True
18,Manhattan,30,30,0.25,13,29,3,18,21,63,7.974996697157621e-05,True
18,Euclidean,30,30,0.25,13,29,3,18,21,88,0.0001154160127043724,True
18,Chebyshev,30,30,0.25,13,29,3,18,21,101,0.0001242499565705657,True
19,Manhattan,30,30,0.25,20,26,27,19,14,44,5.854095797985792e-05,True
19,Euclidean,30,30,0.25,20,26,27,19,14,54,7.43749551475048e-05,True
19,Chebyshev,30,30,0.25,20,26,27,19,14,64,8.274998981505632e-05,True
20,Manhattan,30,30,0.25,1,22,28,15,34,123,0.0001610000617802143,True
20,Euclidean,30,30,0.25,1,22,28,15,34,194,0.0002598329447209835,True
20,Chebyshev,30,30,0.25,1,22,28,15,34,254,0.00031399994622915983,True
21,Manhattan,30,30,0.25,7,19,6,16,6,9,1.550000160932541e-05,True
21,Euclidean,30,30,0.25,7,19,6,16,6,9,1.6208039596676826e-05,True
21,Chebyshev,30,30,0.25,7,19,6,16,6,11,1.77919864654541e-05,True
22,Manhattan,30,30,0.25,27,28,19,6,30,95,0.00012095889542251825,True
22,Euclidean,30,30,0.25,27,28,19,6,30,131,0.00018087495118379593,True
22,Chebyshev,30,30,0.25,27,28,19,6,30,143,0.00017191690858453512,True
23,Manhattan,30,30,0.25,16,14,4,0,26,128,0.00015837501268833876,True
23,Euclidean,30,30,0.25,16,14,4,0,26,168,0.0002204999327659607,True
23,Chebyshev,30,30,0.25,16,14,4,0,26,203,0.00025020900648087263,True
24,Manhattan,30,30,0.25,23,20,17,26,16,32,4.345807246863842e-05,True
24,Euclidean,30,30,0.25,23,20,17,26,16,38,5.312496796250343e-05,True
24,Chebyshev,30,30,0.25,23,20,17,26,16,50,6.691599264740944e-05,True
25,Manhattan,30,30,0.25,9,16,20,21,16,36,5.029095336794853e-05,True
25,Euclidean,30,30,0.25,9,16,20,21,16,60,8.512497879564762e-05,True
25,Chebyshev,30,30,0.25,9,16,20,21,16,77,0.00010254199150949717,True
26,Manhattan,30,30,0.25,23,0,27,17,21,72,9.462493471801281e-05,True
26,Euclidean,30,30,0.25,23,0,27,17,21,92,0.00012441701255738735,True
26,Chebyshev,30,30,0.25,23,0,27,17,21,110,0.00014016602654010057,True
27,Manhattan,30,30,0.25,20,1,18,1,2,3,8.958973921835423e-06,True
27,Euclidean,30,30,0.25,20,1,18,1,2,3,9.333016350865364e-06,True
27,Chebyshev,30,30,0.25,20,1,18,1,2,3,8.95792618393898e-06,True
28,Manhattan,30,30,0.25,21,0,7,21,,646,0.0007530419388785958,False
28,Euclidean,30,30,0.25,21,0,7,21,,646,0.000896874931640923,False
28,Chebyshev,30,30,0.25,21,0,7,21,,646,0.0007697920082136989,False
29,Manhattan,30,30,0.25,28,29,13,24,,3,8.958042599260807e-06,False
29,Euclidean,30,30,0.25,28,29,13,24,,3,9.124982170760632e-06,False
29,Chebyshev,30,30,0.25,28,29,13,24,,3,8.25000461190939e-06,False
30,Manhattan,30,30,0.25,28,27,15,5,35,136,0.00016816600691527128,True
30,Euclidean,30,30,0.25,28,27,15,5,35,166,0.00022154208272695541,True
30,Chebyshev,30,30,0.25,28,27,15,5,35,180,0.00021554098930209875,True
31,Manhattan,30,30,0.25,4,5,17,29,37,148,0.00019249995239078999,True
31,Euclidean,30,30,0.25,4,5,17,29,37,293,0.0003852909430861473,True
31,Chebyshev,30,30,0.25,4,5,17,29,37,320,0.0003995840670540929,True
32,Manhattan,30,30,0.25,25,5,14,29,45,281,0.000341624952852726,True
32,Euclidean,30,30,0.25,25,5,14,29,45,306,0.00039008306339383125,True
32,Chebyshev,30,30,0.25,25,5,14,29,45,331,0.0004045830573886633,True
33,Manhattan,30,30,0.25,16,25,10,0,33,135,0.00017675000708550215,True
33,Euclidean,30,30,0.25,16,25,10,0,33,212,0.00028600008226931095,True
33,Chebyshev,30,30,0.25,16,25,10,0,33,285,0.00035195902455598116,True
34,Manhattan,30,30,0.25,5,21,24,20,24,83,0.0001104589318856597,True
34,Euclidean,30,30,0.25,5,21,24,20,24,107,0.0001478750491514802,True
34,Chebyshev,30,30,0.25,5,21,24,20,24,127,0.0001629579346626997,True
35,Manhattan,30,30,0.25,0,8,2,19,15,28,3.774999640882015e-05,True
35,Euclidean,30,30,0.25,0,8,2,19,15,28,3.929203376173973e-05,True
35,Chebyshev,30,30,0.25,0,8,2,19,15,29,3.9125094190239906e-05,True
36,Manhattan,30,30,0.25,12,19,1,13,17,37,6.150000263005495e-05,True
36,Euclidean,30,30,0.25,12,19,1,13,17,58,8.73330282047391e-05,True
36,Chebyshev,30,30,0.25,12,19,1,13,17,79,0.00010666705202311277,True
37,Manhattan,30,30,0.25,11,15,22,1,25,69,9.200000204145908e-05,True
37,Euclidean,30,30,0.25,11,15,22,1,25,117,0.0001611659536138177,True
37,Chebyshev,30,30,0.25,11,15,22,1,25,158,0.00019954191520810127,True
38,Manhattan,30,30,0.25,28,15,7,17,33,91,0.00011312495917081833,True
38,Euclidean,30,30,0.25,28,15,7,17,33,159,0.00021162501070648432,True
38,Chebyshev,30,30,0.25,28,15,7,17,33,231,0.000288916053250432,True
39,Manhattan,30,30,0.25,17,16,3,23,21,63,8.458399679511786e-05,True
39,Euclidean,30,30,0.25,17,16,3,23,21,99,0.00013437506277114153,True
39,Chebyshev,30,30,0.25,17,16,3,23,21,118,0.00015004200395196676,True
40,Manhattan,30,30,0.25,20,29,29,21,17,54,7.075001485645771e-05,True
40,Euclidean,30,30,0.25,20,29,29,21,17,64,8.520798292011023e-05,True
40,Chebyshev,30,30,0.25,20,29,29,21,17,70,9.929202497005463e-05,True
41,Manhattan,30,30,0.25,23,17,0,6,34,115,0.00015058310236781836,True
41,Euclidean,30,30,0.25,23,17,0,6,34,202,0.00026708305813372135,True
41,Chebyshev,30,30,0.25,23,17,0,6,34,273,0.0003396670799702406,True
42,Manhattan,30,30,0.25,18,23,3,10,28,141,0.0001765410415828228,True
42,Euclidean,30,30,0.25,18,23,3,10,28,210,0.0002656250726431608,True
42,Chebyshev,30,30,0.25,18,23,3,10,28,246,0.00027787499129772186,True
43,Manhattan,30,30,0.25,16,10,18,7,5,9,1.3874960131943226e-05,True
43,Euclidean,30,30,0.25,16,10,18,7,5,9,1.4374963939189911e-05,True
43,Chebyshev,30,30,0.25,16,10,18,7,5,11,1.5415949746966362e-05,True
44,Manhattan,30,30,0.25,28,3,10,28,45,245,0.0002828750293701887,True
44,Euclidean,30,30,0.25,28,3,10,28,45,353,0.00044904102105647326,True
44,Chebyshev,30,30,0.25,28,3,10,28,45,381,0.0004825829528272152,True
45,Manhattan,30,30,0.25,24,0,17,10,17,59,7.387495134025812e-05,True
45,Euclidean,30,30,0.25,24,0,17,10,17,71,9.004201274365187e-05,True
45,Chebyshev,30,30,0.25,24,0,17,10,17,79,9.462505113333464e-05,True
46,Manhattan,30,30,0.25,14,5,29,21,31,88,0.00010629196185618639,True
46,Euclidean,30,30,0.25,14,5,29,21,31,201,0.0002482919953763485,True
46,Chebyshev,30,30,0.25,14,5,29,21,31,250,0.0002842079848051071,True
47,Manhattan,30,30,0.25,24,12,3,15,32,157,0.00018929201178252697,True
47,Euclidean,30,30,0.25,24,12,3,15,32,220,0.00027066608890891075,True
47,Chebyshev,30,30,0.25,24,12,3,15,32,289,0.0003327500307932496,True
48,Manhattan,30,30,0.25,8,9,29,14,28,77,9.27499495446682e-05,True
48,Euclidean,30,30,0.25,8,9,29,14,28,120,0.00015083304606378078,True
48,Chebyshev,30,30,0.25,8,9,29,14,28,162,0.00018779200036078691,True
49,Manhattan,30,30,0.25,23,14,19,28,20,71,8.579203858971596e-05,True
49,Euclidean,30,30,0.25,23,14,19,28,20,89,0.00011245894711464643,True
49,Chebyshev,30,30,0.25,23,14,19,28,20,122,0.00014400004874914885,True
50,Manhattan,30,30,0.25,16,0,4,23,35,122,0.0001587079605087638,True
50,Euclidean,30,30,0.25,16,0,4,23,35,245,0.00030162499751895666,True
50,Chebyshev,30,30,0.25,16,0,4,23,35,275,0.0003137920284643769,True
51,Manhattan,30,30,0.25,14,20,21,24,11,21,2.962502185255289e-05,True
51,Euclidean,30,30,0.25,14,20,21,24,11,26,3.7375022657215595e-05,True
51,Chebyshev,30,30,0.25,14,20,21,24,11,35,4.6083005145192146e-05,True
52,Manhattan,30,30,0.25,20,19,29,22,16,52,6.399990525096655e-05,True
52,Euclidean,30,30,0.25,20,19,29,22,16,67,8.591706864535809e-05,True
52,Chebyshev,30,30,0.25,20,19,29,22,16,85,0.00010249996557831764,True
53,Manhattan,30,30,0.25,15,20,7,25,13,27,3.5208999179303646e-05,True
53,Euclidean,30,30,0.25,15,20,7,25,13,38,0.0001104589318856597,True
53,Chebyshev,30,30,0.25,15,20,7,25,13,49,5.920801777392626e-05,True
54,Manhattan,30,30,0.25,2,1,20,22,39,181,0.00021637510508298874,True
54,Euclidean,30,30,0.25,2,1,20,22,39,317,0.00037754199001938105,True
54,Chebyshev,30,30,0.25,2,1,20,22,39,329,0.0003681658999994397,True
55,Manhattan,30,30,0.25,26,0,14,24,38,145,0.00016725005116313696,True
55,Euclidean,30,30,0.25,26,0,14,24,38,164,0.00018991704564541578,True
55,Chebyshev,30,30,0.25,26,0,14,24,38,198,0.00020937505178153515,True
56,Manhattan,30,30,0.25,16,11,18,2,13,44,5.216698627918959e-05,True
56,Euclidean,30,30,0.25,16,11,18,2,13,50,6.066600326448679e-05,True
56,Chebyshev,30,30,0.25,16,11,18,2,13,63,7.045804522931576e-05,True
57,Manhattan,30,30,0.25,26,29,9,21,27,89,9.812507778406143e-05,True
57,Euclidean,30,30,0.25,26,29,9,21,27,108,0.00012370804324746132,True
57,Chebyshev,30,30,0.25,26,29,9,21,27,127,0.00013454200234264135,True
58,Manhattan,30,30,0.25,3,2,1,5,5,10,1.5291967429220676e-05,True
58,Euclidean,30,30,0.25,3,2,1,5,5,10,1.6125035472214222e-05,True
58,Chebyshev,30,30,0.25,3,2,1,5,5,12,1.7291982658207417e-05,True
59,Manhattan,30,30,0.25,3,0,1,13,19,60,6.387499161064625e-05,True
59,Euclidean,30,30,0.25,3,0,1,13,19,68,7.575005292892456e-05,True
59,Chebyshev,30,30,0.25,3,0,1,13,19,78,8.320796769112349e-05,True
60,Manhattan,30,30,0.25,0,1,9,4,26,77,8.029199671000242e-05,True
60,Euclidean,30,30,0.25,0,1,9,4,26,84,9.133294224739075e-05,True
60,Chebyshev,30,30,0.25,0,1,9,4,26,88,9.666592814028263e-05,True
61,Manhattan,30,30,0.25,14,13,12,21,10,21,2.662499900907278e-05,True
61,Euclidean,30,30,0.25,14,13,12,21,10,25,3.27499583363533e-05,True
61,Chebyshev,30,30,0.25,14,13,12,21,10,31,3.758305683732033e-05,True
62,Manhattan,30,30,0.25,27,27,19,2,35,124,0.0001366250216960907,True
62,Euclidean,30,30,0.25,27,27,19,2,35,223,0.0002672090195119381,True
62,Chebyshev,30,30,0.25,27,27,19,2,35,249,0.0002632499672472477,True
63,Manhattan,30,30,0.25,19,14,27,3,19,57,6.608397234231234e-05,True
63,Euclidean,30,30,0.25,19,14,27,3,19,83,0.00010516692418605089,True
63,Chebyshev,30,30,0.25,19,14,27,3,19,110,0.00012091698590666056,True
64,Manhattan,30,30,0.25,29,27,9,1,48,286,0.0003017500275745988,True
64,Euclidean,30,30,0.25,29,27,9,1,48,372,0.00041041604708880186,True
64,Chebyshev,30,30,0.25,29,27,9,1,48,385,0.00039549998473376036,True
65,Manhattan,30,30,0.25,23,2,16,6,13,30,5.208305083215237e-05,True
65,Euclidean,30,30,0.25,23,2,16,6,13,33,4.066689871251583e-05,True
65,Chebyshev,30,30,0.25,23,2,16,6,13,41,4.650000482797623e-05,True
66,Manhattan,30,30,0.25,9,9,3,4,19,49,5.362497176975012e-05,True
66,Euclidean,30,30,0.25,9,9,3,4,19,62,6.970902904868126e-05,True
66,Chebyshev,30,30,0.25,9,9,3,4,19,72,7.770792581140995e-05,True
67,Manhattan,30,30,0.25,11,0,19,6,14,37,4.2958068661391735e-05,True
67,Euclidean,30,30,0.25,11,0,19,6,14,43,5.137501284480095e-05,True
67,Chebyshev,30,30,0.25,11,0,19,6,14,48,5.404104012995958e-05,True
68,Manhattan,30,30,0.25,27,10,21,6,10,18,2.3250002413988113e-05,True
68,Euclidean,30,30,0.25,27,10,21,6,10,23,2.9749935492873192e-05,True
68,Chebyshev,30,30,0.25,27,10,21,6,10,29,3.495893906801939e-05,True
69,Manhattan,30,30,0.25,26,28,12,25,21,76,8.404208347201347e-05,True
69,Euclidean,30,30,0.25,26,28,12,25,21,81,9.641703218221664e-05,True
69,Chebyshev,30,30,0.25,26,28,12,25,21,100,0.00011179200373589993,True
70,Manhattan,30,30,0.25,27,20,20,25,12,23,2.8832932002842426e-05,True
70,Euclidean,30,30,0.25,27,20,20,25,12,37,4.766695201396942e-05,True
70,Chebyshev,30,30,0.25,27,20,20,25,12,51,5.929195322096348e-05,True
71,Manhattan,30,30,0.25,29,19,2,24,36,179,0.00019583292305469513,True
71,Euclidean,30,30,0.25,29,19,2,24,36,242,0.00027487496845424175,True
71,Chebyshev,30,30,0.25,29,19,2,24,36,318,0.00034145801328122616,True
72,Manhattan,30,30,0.25,13,20,5,17,11,22,2.7542002499103546e-05,True
72,Euclidean,30,30,0.25,13,20,5,17,11,25,3.191595897078514e-05,True
72,Chebyshev,30,30,0.25,13,20,5,17,11,29,3.466696944087744e-05,True
73,Manhattan,30,30,0.25,12,11,1,13,13,15,2.0875013433396816e-05,True
73,Euclidean,30,30,0.25,12,11,1,13,13,16,8.508306927978992e-05,True
73,Chebyshev,30,30,0.25,12,11,1,13,13,17,2.6041059754788876e-05,True
74,Manhattan,30,30,0.25,22,13,29,21,15,41,5.2709016017615795e-05,True
74,Euclidean,30,30,0.25,22,13,29,21,15,56,6.975000724196434e-05,True
74,Chebyshev,30,30,0.25,22,13,29,21,15,72,8.654105477035046e-05,True
75,Manhattan,30,30,0.25,18,15,17,22,8,11,1.6083940863609314e-05,True
75,Euclidean,30,30,0.25,18,15,17,22,8,11,1.6750069335103035e-05,True
75,Chebyshev,30,30,0.25,18,15,17,22,8,14,1.8166028894484043e-05,True
76,Manhattan,30,30,0.25,16,2,25,11,20,61,7.158401422202587e-05,True
76,Euclidean,30,30,0.25,16,2,25,11,20,92,0.00010712491348385811,True
76,Chebyshev,30,30,0.25,16,2,25,11,20,106,0.00012029206845909357,True
77,Manhattan,30,30,0.25,1,28,2,4,29,50,5.6999968364834785e-05,True
77,Euclidean,30,30,0.25,1,28,2,4,29,50,6.166694220155478e-05,True
77,Chebyshev,30,30,0.25,1,28,2,4,29,71,7.687509059906006e-05,True
78,Manhattan,30,30,0.25,19,21,1,10,29,77,8.44169408082962e-05,True
78,Euclidean,30,30,0.25,19,21,1,10,29,178,0.0002109169727191329,True
78,Chebyshev,30,30,0.25,19,21,1,10,29,229,0.00024495809338986874,True
79,Manhattan,30,30,0.25,12,8,10,11,5,11,1.6666017472743988e-05,True
79,Euclidean,30,30,0.25,12,8,10,11,5,11,1.8000020645558834e-05,True
79,Chebyshev,30,30,0.25,12,8,10,11,5,14,1.979200169444084e-05,True
80,Manhattan,30,30,0.25,21,18,22,25,26,196,0.00020524999126791954,True
80,Euclidean,30,30,0.25,21,18,22,25,26,216,0.00023554207291454077,True
80,Chebyshev,30,30,0.25,21,18,22,25,26,237,0.0002484999131411314,True
81,Manhattan,30,30,0.25,16,19,12,1,26,112,0.00011583301238715649,True
81,Euclidean,30,30,0.25,16,19,12,1,26,159,0.00017025007400661707,True
81,Chebyshev,30,30,0.25,16,19,12,1,26,200,0.00019950000569224358,True
82,Manhattan,30,30,0.25,15,10,21,17,13,35,3.89590859413147e-05,True
82,Euclidean,30,30,0.25,15,10,21,17,13,48,5.537504330277443e-05,True
82,Chebyshev,30,30,0.25,15,10,21,17,13,60,6.541702896356583e-05,True
83,Manhattan,30,30,0.25,14,8,26,14,26,56,5.8249919675290585e-05,True
83,Euclidean,30,30,0.25,14,8,26,14,26,84,9.033293463289738e-05,True
83,Chebyshev,30,30,0.25,14,8,26,14,26,110,0.00011045800056308508,True
84,Manhattan,30,30,0.25,23,18,6,16,27,118,0.00011820800136774778,True
84,Euclidean,30,30,0.25,23,18,6,16,27,155,0.00016466702800244093,True
84,Chebyshev,30,30,0.25,23,18,6,16,27,217,0.00021779094822704792,True
85,Manhattan,30,30,0.25,20,17,26,27,16,32,3.708305303007364e-05,True
85,Euclidean,30,30,0.25,20,17,26,27,16,56,6.433296948671341e-05,True
85,Chebyshev,30,30,0.25,20,17,26,27,16,72,7.591710891574621e-05,True
86,Manhattan,30,30,0.25,28,17,21,10,14,38,3.975001163780689e-05,True
86,Euclidean,30,30,0.25,28,17,21,10,14,44,5.3709023632109165e-05,True
86,Chebyshev,30,30,0.25,28,17,21,10,14,47,5.0666043534874916e-05,True
87,Manhattan,30,30,0.25,21,23,9,8,29,110,0.00011129199992865324,True
87,Euclidean,30,30,0.25,21,23,9,8,29,181,0.0001913749147206545,True
87,Chebyshev,30,30,0.25,21,23,9,8,29,218,0.0002150830114260316,True
88,Manhattan,30,30,0.25,2,24,22,2,48,443,0.00044170801993459463,True
88,Euclidean,30,30,0.25,2,24,22,2,48,490,0.0005089999176561832,True
88,Chebyshev,30,30,0.25,2,24,22,2,48,508,0.0004892080323770642,True
89,Manhattan,30,30,0.25,17,29,15,9,26,57,5.979207344353199e-05,True
89,Euclidean,30,30,0.25,17,29,15,9,26,70,7.570802699774504e-05,True
89,Chebyshev,30,30,0.25,17,29,15,9,26,84,8.479191455990076e-05,True
90,Manhattan,30,30,0.25,9,12,15,10,8,14,1.8042046576738358e-05,True
90,Euclidean,30,30,0.25,9,12,15,10,8,17,2.2209016606211662e-05,True
90,Chebyshev,30,30,0.25,9,12,15,10,8,23,2.5916961021721363e-05,True
91,Manhattan,30,30,0.25,8,14,0,8,14,29,3.15000070258975e-05,True
91,Euclidean,30,30,0.25,8,14,0,8,14,40,4.7915964387357235e-05,True
91,Chebyshev,30,30,0.25,8,14,0,8,14,57,6.195902824401855e-05,True
92,Manhattan,30,30,0.25,25,19,7,7,30,124,0.00012641609646379948,True
92,Euclidean,30,30,0.25,25,19,7,7,30,173,0.00018379196990281343,True
92,Chebyshev,30,30,0.25,25,19,7,7,30,219,0.00021587498486042023,True
93,Manhattan,30,30,0.25,14,1,25,15,25,86,0.00013904098886996508,True
93,Euclidean,30,30,0.25,14,1,25,15,25,138,0.0001502919476479292,True
93,Chebyshev,30,30,0.25,14,1,25,15,25,167,0.00016804097685962915,True
94,Manhattan,30,30,0.25,0,13,21,5,29,84,8.837494533509016e-05,True
94,Euclidean,30,30,0.25,0,13,21,5,29,121,0.0001318750437349081,True
94,Chebyshev,30,30,0.25,0,13,21,5,29,163,0.00016295805107802153,True
95,Manhattan,30,30,0.25,10,4,1,13,18,42,4.620896652340889e-05,True
95,Euclidean,30,30,0.25,10,4,1,13,18,56,6.166694220155478e-05,True
95,Chebyshev,30,30,0.25,10,4,1,13,18,66,6.824999582022429e-05,True
96,Manhattan,30,30,0.25,23,10,29,26,22,89,9.574997238814831e-05,True
96,Euclidean,30,30,0.25,23,10,29,26,22,120,0.00012924999464303255,True
96,Chebyshev,30,30,0.25,23,10,29,26,22,150,0.0001544170081615448,True
97,Manhattan,30,30,0.25,0,19,21,17,29,119,0.00011974992230534554,True
97,Euclidean,30,30,0.25,0,19,21,17,29,169,0.0001788749359548092,True
97,Chebyshev,30,30,0.25,0,19,21,17,29,228,0.0002272079000249505,True
98,Manhattan,30,30,0.25,24,14,8,23,25,118,0.00012262491509318352,True
98,Euclidean,30,30,0.25,24,14,8,23,25,161,0.000183542026206851,True
98,Chebyshev,30,30,0.25,24,14,8,23,25,192,0.00020050001330673695,True
99,Manhattan,30,30,0.25,11,1,29,13,30,102,0.00010562490206211805,True
99,Euclidean,30,30,0.25,11,1,29,13,30,147,0.0001750420778989792,True
99,Chebyshev,30,30,0.25,11,1,29,13,30,166,0.00016700010746717453,True
100,Manhattan,30,30,0.25,1,17,29,15,34,121,0.00012325006537139416,True
100,Euclidean,30,30,0.25,1,17,29,15,34,173,0.00018587498925626278,True
100,Chebyshev,30,30,0.25,1,17,29,15,34,231,0.0002329580020159483,True
